patron_id,patron_group,risk_profile
P000001,Grad,low
P000002,Undergrad,medium
P000003,Undergrad,medium
P000004,Faculty,low
P000005,Grad,low
P000006,Staff,low
P000007,Undergrad,low
P000008,Staff,medium
P000009,Undergrad,low
P000010,Community,low
P000011,Community,low
P000012,Undergrad,low
P000013,Staff,high
P000014,Staff,low
P000015,Undergrad,medium
P000016,Grad,medium
P000017,Undergrad,low
P000018,Faculty,medium
P000019,Undergrad,low
P000020,Undergrad,medium
P000021,Undergrad,low
P000022,Grad,medium
P000023,Staff,low
P000024,Community,medium
P000025,Undergrad,low
P000026,Undergrad,medium
P000027,Faculty,low
P000028,Grad,medium
P000029,Undergrad,low
P000030,Undergrad,low
P000031,Undergrad,medium
P000032,Undergrad,high
P000033,Faculty,low
P000034,Grad,high
P000035,Staff,medium
P000036,Grad,medium
P000037,Undergrad,low
P000038,Staff,low
P000039,Grad,medium
P000040,Undergrad,low
P000041,Grad,low
P000042,Undergrad,low
P000043,Staff,low
P000044,Undergrad,medium
P000045,Grad,medium
P000046,Undergrad,medium
P000047,Undergrad,low
P000048,Community,low
P000049,Faculty,low
P000050,Undergrad,low
P000051,Undergrad,medium
P000052,Undergrad,medium
P000053,Grad,low
P000054,Faculty,medium
P000055,Faculty,low
P000056,Undergrad,medium
P000057,Faculty,low
P000058,Undergrad,medium
P000059,Undergrad,low
P000060,Grad,low
P000061,Community,low
P000062,Faculty,low
P000063,Grad,low
P000064,Grad,low
P000065,Staff,low
P000066,Undergrad,medium
P000067,Undergrad,low
P000068,Community,medium
P000069,Staff,low
P000070,Undergrad,high
P000071,Undergrad,high
P000072,Undergrad,low
P000073,Undergrad,medium
P000074,Community,low
P000075,Undergrad,high
P000076,Staff,low
P000077,Undergrad,low
P000078,Grad,low
P000079,Undergrad,low
P000080,Faculty,low
P000081,Grad,medium
P000082,Grad,low
P000083,Undergrad,low
P000084,Undergrad,low
P000085,Undergrad,low
P000086,Undergrad,low
P000087,Grad,medium
P000088,Grad,low
P000089,Grad,medium
P000090,Grad,low
P000091,Undergrad,low
P000092,Undergrad,medium
P000093,Undergrad,low
P000094,Staff,low
P000095,Grad,medium
P000096,Undergrad,low
P000097,Undergrad,low
P000098,Staff,medium
P000099,Faculty,medium
P000100,Grad,low
P000101,Undergrad,low
P000102,Undergrad,low
P000103,Community,low
P000104,Faculty,medium
P000105,Undergrad,medium
P000106,Staff,medium
P000107,Faculty,low
P000108,Undergrad,low
P000109,Undergrad,medium
P000110,Undergrad,low
P000111,Undergrad,medium
P000112,Grad,medium
P000113,Undergrad,high
P000114,Faculty,low
P000115,Community,low
P000116,Undergrad,medium
P000117,Undergrad,medium
P000118,Faculty,medium
P000119,Faculty,low
P000120,Faculty,medium
P000121,Undergrad,medium
P000122,Undergrad,low
P000123,Grad,low
P000124,Community,medium
P000125,Undergrad,low
P000126,Staff,low
P000127,Undergrad,medium
P000128,Community,low
P000129,Grad,medium
P000130,Undergrad,low
P000131,Grad,low
P000132,Undergrad,high
P000133,Undergrad,high
P000134,Undergrad,low
P000135,Undergrad,medium
P000136,Undergrad,low
P000137,Faculty,low
P000138,Grad,low
P000139,Undergrad,low
P000140,Staff,medium
P000141,Grad,medium
P000142,Community,high
P000143,Grad,medium
P000144,Undergrad,low
P000145,Undergrad,medium
P000146,Grad,high
P000147,Undergrad,medium
P000148,Undergrad,medium
P000149,Undergrad,high
P000150,Undergrad,low
P000151,Undergrad,medium
P000152,Undergrad,medium
P000153,Undergrad,high
P000154,Grad,low
P000155,Grad,low
P000156,Undergrad,medium
P000157,Undergrad,low
P000158,Undergrad,medium
P000159,Undergrad,low
P000160,Undergrad,low
P000161,Undergrad,low
P000162,Grad,low
P000163,Grad,low
P000164,Undergrad,low
P000165,Undergrad,low
P000166,Grad,low
P000167,Staff,low
P000168,Faculty,low
P000169,Grad,medium
P000170,Undergrad,medium
P000171,Undergrad,low
P000172,Staff,low
P000173,Undergrad,medium
P000174,Community,low
P000175,Grad,high
P000176,Grad,medium
P000177,Undergrad,low
P000178,Grad,low
P000179,Undergrad,low
P000180,Undergrad,low
P000181,Undergrad,low
P000182,Staff,low
P000183,Grad,medium
P000184,Undergrad,low
P000185,Undergrad,low
P000186,Grad,medium
P000187,Grad,low
P000188,Grad,low
P000189,Undergrad,low
P000190,Undergrad,medium
P000191,Grad,high
P000192,Undergrad,low
P000193,Community,low
P000194,Grad,low
P000195,Undergrad,low
P000196,Undergrad,low
P000197,Faculty,medium
P000198,Undergrad,high
P000199,Undergrad,low
P000200,Grad,low
P000201,Undergrad,medium
P000202,Faculty,low
P000203,Undergrad,low
P000204,Faculty,low
P000205,Undergrad,low
P000206,Undergrad,low
P000207,Staff,medium
P000208,Grad,medium
P000209,Undergrad,low
P000210,Undergrad,low
P000211,Grad,high
P000212,Undergrad,low
P000213,Community,medium
P000214,Community,low
P000215,Grad,low
P000216,Undergrad,low
P000217,Undergrad,medium
P000218,Grad,low
P000219,Undergrad,low
P000220,Undergrad,low
P000221,Undergrad,medium
P000222,Undergrad,high
P000223,Undergrad,high
P000224,Undergrad,high
P000225,Faculty,low
P000226,Undergrad,low
P000227,Undergrad,low
P000228,Undergrad,low
P000229,Grad,medium
P000230,Undergrad,medium
P000231,Grad,low
P000232,Community,medium
P000233,Undergrad,high
P000234,Undergrad,low
P000235,Undergrad,low
P000236,Community,low
P000237,Faculty,low
P000238,Staff,medium
P000239,Undergrad,low
P000240,Community,low
P000241,Undergrad,high
P000242,Undergrad,low
P000243,Staff,low
P000244,Staff,high
P000245,Undergrad,low
P000246,Undergrad,low
P000247,Undergrad,medium
P000248,Undergrad,low
P000249,Undergrad,medium
P000250,Community,low
P000251,Grad,low
P000252,Faculty,low
P000253,Faculty,low
P000254,Grad,medium
P000255,Faculty,medium
P000256,Grad,high
P000257,Undergrad,medium
P000258,Grad,low
P000259,Grad,medium
P000260,Faculty,medium
P000261,Community,medium
P000262,Undergrad,medium
P000263,Faculty,medium
P000264,Undergrad,low
P000265,Faculty,medium
P000266,Undergrad,low
P000267,Undergrad,low
P000268,Undergrad,medium
P000269,Grad,low
P000270,Undergrad,low
P000271,Staff,low
P000272,Undergrad,medium
P000273,Staff,low
P000274,Grad,medium
P000275,Undergrad,low
P000276,Undergrad,low
P000277,Faculty,low
P000278,Grad,medium
P000279,Grad,low
P000280,Undergrad,high
P000281,Undergrad,high
P000282,Community,medium
P000283,Undergrad,high
P000284,Undergrad,low
P000285,Undergrad,low
P000286,Faculty,medium
P000287,Faculty,medium
P000288,Undergrad,medium
P000289,Undergrad,medium
P000290,Undergrad,high
P000291,Undergrad,low
P000292,Undergrad,medium
P000293,Community,medium
P000294,Undergrad,medium
P000295,Undergrad,low
P000296,Staff,medium
P000297,Undergrad,high
P000298,Grad,low
P000299,Undergrad,medium
P000300,Undergrad,low
P000301,Community,high
P000302,Grad,low
P000303,Undergrad,low
P000304,Grad,low
P000305,Staff,medium
P000306,Undergrad,low
P000307,Undergrad,medium
P000308,Community,high
P000309,Undergrad,medium
P000310,Grad,low
P000311,Grad,high
P000312,Grad,medium
P000313,Undergrad,low
P000314,Undergrad,low
P000315,Grad,low
P000316,Undergrad,medium
P000317,Undergrad,low
P000318,Undergrad,low
P000319,Undergrad,medium
P000320,Community,medium
P000321,Undergrad,medium
P000322,Community,medium
P000323,Undergrad,low
P000324,Grad,medium
P000325,Undergrad,low
P000326,Faculty,medium
P000327,Faculty,medium
P000328,Undergrad,low
P000329,Staff,high
P000330,Undergrad,low
P000331,Grad,low
P000332,Community,high
P000333,Staff,medium
P000334,Community,medium
P000335,Undergrad,low
P000336,Undergrad,medium
P000337,Undergrad,low
P000338,Undergrad,low
P000339,Faculty,low
P000340,Undergrad,low
P000341,Grad,medium
P000342,Undergrad,low
P000343,Undergrad,low
P000344,Grad,low
P000345,Undergrad,medium
P000346,Faculty,medium
P000347,Undergrad,low
P000348,Faculty,medium
P000349,Undergrad,low
P000350,Undergrad,medium
P000351,Grad,low
P000352,Staff,low
P000353,Undergrad,medium
P000354,Undergrad,high
P000355,Grad,low
P000356,Undergrad,medium
P000357,Faculty,medium
P000358,Faculty,high
P000359,Undergrad,low
P000360,Undergrad,low
P000361,Faculty,medium
P000362,Undergrad,low
P000363,Grad,low
P000364,Undergrad,low
P000365,Grad,medium
P000366,Undergrad,low
P000367,Faculty,medium
P000368,Undergrad,low
P000369,Undergrad,low
P000370,Staff,low
P000371,Undergrad,low
P000372,Undergrad,medium
P000373,Undergrad,medium
P000374,Undergrad,low
P000375,Staff,low
P000376,Faculty,medium
P000377,Undergrad,medium
P000378,Grad,medium
P000379,Grad,medium
P000380,Staff,low
P000381,Undergrad,medium
P000382,Grad,low
P000383,Undergrad,low
P000384,Undergrad,medium
P000385,Undergrad,high
P000386,Undergrad,medium
P000387,Faculty,low
P000388,Undergrad,low
P000389,Community,low
P000390,Undergrad,medium
P000391,Grad,low
P000392,Community,medium
P000393,Grad,low
P000394,Staff,medium
P000395,Faculty,high
P000396,Undergrad,low
P000397,Grad,low
P000398,Undergrad,medium
P000399,Grad,low
P000400,Undergrad,medium
P000401,Faculty,medium
P000402,Grad,low
P000403,Undergrad,medium
P000404,Undergrad,low
P000405,Community,high
P000406,Undergrad,low
P000407,Undergrad,medium
P000408,Undergrad,low
P000409,Community,low
P000410,Community,low
P000411,Grad,medium
P000412,Staff,medium
P000413,Undergrad,medium
P000414,Community,low
P000415,Undergrad,medium
P000416,Undergrad,medium
P000417,Undergrad,low
P000418,Grad,low
P000419,Faculty,low
P000420,Undergrad,low
P000421,Community,low
P000422,Undergrad,medium
P000423,Undergrad,low
P000424,Undergrad,medium
P000425,Grad,high
P000426,Faculty,medium
P000427,Undergrad,medium
P000428,Grad,low
P000429,Undergrad,medium
P000430,Grad,low
P000431,Community,medium
P000432,Undergrad,high
P000433,Staff,medium
P000434,Grad,medium
P000435,Undergrad,low
P000436,Community,low
P000437,Undergrad,medium
P000438,Undergrad,low
P000439,Undergrad,medium
P000440,Undergrad,low
P000441,Faculty,medium
P000442,Grad,low
P000443,Staff,low
P000444,Undergrad,medium
P000445,Undergrad,low
P000446,Undergrad,low
P000447,Undergrad,low
P000448,Community,low
P000449,Grad,low
P000450,Undergrad,low
P000451,Staff,medium
P000452,Faculty,low
P000453,Undergrad,high
P000454,Faculty,low
P000455,Undergrad,low
P000456,Undergrad,low
P000457,Undergrad,medium
P000458,Undergrad,low
P000459,Undergrad,medium
P000460,Undergrad,low
P000461,Undergrad,low
P000462,Faculty,medium
P000463,Community,low
P000464,Faculty,low
P000465,Undergrad,medium
P000466,Undergrad,medium
P000467,Undergrad,medium
P000468,Undergrad,medium
P000469,Grad,medium
P000470,Grad,medium
P000471,Grad,low
P000472,Grad,medium
P000473,Undergrad,medium
P000474,Undergrad,low
P000475,Grad,low
P000476,Undergrad,low
P000477,Undergrad,medium
P000478,Undergrad,low
P000479,Undergrad,high
P000480,Undergrad,low
P000481,Faculty,medium
P000482,Staff,low
P000483,Undergrad,medium
P000484,Undergrad,medium
P000485,Grad,medium
P000486,Undergrad,medium
P000487,Undergrad,medium
P000488,Undergrad,low
P000489,Undergrad,low
P000490,Faculty,medium
P000491,Faculty,low
P000492,Undergrad,low
P000493,Undergrad,medium
P000494,Undergrad,low
P000495,Undergrad,low
P000496,Community,medium
P000497,Grad,low
P000498,Grad,low
P000499,Faculty,low
P000500,Staff,medium
P000501,Faculty,high
P000502,Undergrad,medium
P000503,Undergrad,low
P000504,Grad,high
P000505,Undergrad,medium
P000506,Community,medium
P000507,Grad,medium
P000508,Community,low
P000509,Undergrad,low
P000510,Staff,low
P000511,Undergrad,low
P000512,Community,medium
P000513,Undergrad,medium
P000514,Undergrad,medium
P000515,Faculty,low
P000516,Undergrad,low
P000517,Undergrad,low
P000518,Community,low
P000519,Undergrad,low
P000520,Grad,medium
P000521,Undergrad,low
P000522,Staff,high
P000523,Grad,low
P000524,Undergrad,medium
P000525,Undergrad,low
P000526,Grad,low
P000527,Undergrad,medium
P000528,Undergrad,medium
P000529,Grad,low
P000530,Undergrad,low
P000531,Undergrad,low
P000532,Grad,medium
P000533,Undergrad,high
P000534,Undergrad,low
P000535,Undergrad,low
P000536,Grad,high
P000537,Grad,low
P000538,Grad,medium
P000539,Undergrad,low
P000540,Undergrad,medium
P000541,Undergrad,low
P000542,Undergrad,low
P000543,Community,low
P000544,Undergrad,medium
P000545,Undergrad,medium
P000546,Undergrad,medium
P000547,Grad,medium
P000548,Grad,low
P000549,Grad,low
P000550,Staff,medium
P000551,Undergrad,low
P000552,Undergrad,low
P000553,Undergrad,low
P000554,Grad,low
P000555,Grad,low
P000556,Grad,medium
P000557,Grad,high
P000558,Grad,medium
P000559,Staff,high
P000560,Grad,high
P000561,Faculty,low
P000562,Undergrad,low
P000563,Grad,medium
P000564,Staff,low
P000565,Undergrad,low
P000566,Faculty,low
P000567,Grad,low
P000568,Undergrad,low
P000569,Grad,low
P000570,Undergrad,low
P000571,Community,medium
P000572,Faculty,medium
P000573,Undergrad,medium
P000574,Undergrad,low
P000575,Grad,low
P000576,Undergrad,medium
P000577,Undergrad,low
P000578,Grad,medium
P000579,Undergrad,medium
P000580,Undergrad,medium
P000581,Faculty,high
P000582,Staff,low
P000583,Faculty,low
P000584,Faculty,medium
P000585,Undergrad,low
P000586,Undergrad,low
P000587,Undergrad,low
P000588,Faculty,low
P000589,Community,low
P000590,Grad,low
P000591,Staff,medium
P000592,Grad,medium
P000593,Undergrad,medium
P000594,Undergrad,medium
P000595,Undergrad,low
P000596,Undergrad,low
P000597,Grad,low
P000598,Undergrad,medium
P000599,Grad,medium
P000600,Grad,low
P000601,Undergrad,low
P000602,Undergrad,high
P000603,Undergrad,medium
P000604,Undergrad,medium
P000605,Faculty,low
P000606,Undergrad,low
P000607,Grad,medium
P000608,Staff,medium
P000609,Staff,medium
P000610,Staff,medium
P000611,Undergrad,medium
P000612,Undergrad,medium
P000613,Undergrad,low
P000614,Undergrad,low
P000615,Staff,medium
P000616,Grad,low
P000617,Undergrad,low
P000618,Undergrad,medium
P000619,Undergrad,high
P000620,Grad,low
P000621,Grad,low
P000622,Staff,medium
P000623,Community,medium
P000624,Undergrad,medium
P000625,Undergrad,low
P000626,Undergrad,low
P000627,Undergrad,medium
P000628,Staff,medium
P000629,Grad,medium
P000630,Grad,low
P000631,Undergrad,low
P000632,Undergrad,low
P000633,Undergrad,high
P000634,Grad,medium
P000635,Grad,low
P000636,Undergrad,low
P000637,Grad,medium
P000638,Faculty,low
P000639,Undergrad,medium
P000640,Faculty,medium
P000641,Undergrad,low
P000642,Grad,low
P000643,Faculty,medium
P000644,Community,low
P000645,Undergrad,low
P000646,Undergrad,high
P000647,Undergrad,medium
P000648,Undergrad,medium
P000649,Grad,low
P000650,Staff,low
P000651,Undergrad,low
P000652,Undergrad,low
P000653,Undergrad,medium
P000654,Undergrad,low
P000655,Undergrad,medium
P000656,Undergrad,low
P000657,Grad,low
P000658,Undergrad,high
P000659,Grad,low
P000660,Faculty,low
P000661,Undergrad,low
P000662,Grad,low
P000663,Grad,low
P000664,Grad,low
P000665,Undergrad,medium
P000666,Undergrad,medium
P000667,Faculty,low
P000668,Faculty,low
P000669,Undergrad,medium
P000670,Undergrad,low
P000671,Undergrad,medium
P000672,Undergrad,medium
P000673,Grad,low
P000674,Undergrad,medium
P000675,Undergrad,high
P000676,Faculty,medium
P000677,Undergrad,low
P000678,Faculty,medium
P000679,Faculty,high
P000680,Undergrad,low
P000681,Grad,medium
P000682,Faculty,low
P000683,Undergrad,low
P000684,Undergrad,medium
P000685,Grad,medium
P000686,Staff,medium
P000687,Grad,high
P000688,Undergrad,low
P000689,Grad,low
P000690,Undergrad,high
P000691,Grad,low
P000692,Grad,medium
P000693,Undergrad,low
P000694,Faculty,low
P000695,Grad,low
P000696,Grad,low
P000697,Undergrad,medium
P000698,Faculty,medium
P000699,Staff,medium
P000700,Undergrad,low
P000701,Undergrad,low
P000702,Undergrad,low
P000703,Faculty,low
P000704,Grad,low
P000705,Undergrad,low
P000706,Staff,low
P000707,Undergrad,low
P000708,Faculty,low
P000709,Undergrad,medium
P000710,Undergrad,low
P000711,Undergrad,low
P000712,Undergrad,high
P000713,Grad,low
P000714,Grad,medium
P000715,Undergrad,low
P000716,Undergrad,medium
P000717,Undergrad,low
P000718,Faculty,medium
P000719,Grad,low
P000720,Undergrad,medium
P000721,Grad,low
P000722,Undergrad,low
P000723,Staff,medium
P000724,Staff,low
P000725,Grad,high
P000726,Staff,low
P000727,Faculty,low
P000728,Faculty,medium
P000729,Grad,low
P000730,Undergrad,low
P000731,Undergrad,medium
P000732,Undergrad,medium
P000733,Grad,high
P000734,Undergrad,low
P000735,Undergrad,low
P000736,Undergrad,low
P000737,Undergrad,low
P000738,Grad,medium
P000739,Staff,low
P000740,Faculty,low
P000741,Grad,low
P000742,Grad,medium
P000743,Undergrad,high
P000744,Undergrad,medium
P000745,Staff,low
P000746,Undergrad,medium
P000747,Undergrad,medium
P000748,Faculty,low
P000749,Undergrad,low
P000750,Undergrad,low
P000751,Undergrad,low
P000752,Undergrad,medium
P000753,Undergrad,low
P000754,Undergrad,low
P000755,Grad,high
P000756,Faculty,medium
P000757,Undergrad,medium
P000758,Staff,low
P000759,Undergrad,low
P000760,Undergrad,low
P000761,Undergrad,low
P000762,Grad,low
P000763,Undergrad,medium
P000764,Grad,low
P000765,Faculty,low
P000766,Grad,low
P000767,Grad,medium
P000768,Staff,medium
P000769,Undergrad,medium
P000770,Undergrad,low
P000771,Grad,low
P000772,Grad,low
P000773,Undergrad,low
P000774,Undergrad,medium
P000775,Undergrad,high
P000776,Undergrad,medium
P000777,Undergrad,high
P000778,Staff,medium
P000779,Faculty,low
P000780,Undergrad,high
P000781,Grad,low
P000782,Staff,medium
P000783,Undergrad,low
P000784,Undergrad,low
P000785,Grad,medium
P000786,Faculty,low
P000787,Undergrad,low
P000788,Community,low
P000789,Undergrad,low
P000790,Undergrad,high
P000791,Undergrad,medium
P000792,Undergrad,low
P000793,Faculty,low
P000794,Community,medium
P000795,Undergrad,low
P000796,Community,low
P000797,Faculty,low
P000798,Undergrad,medium
P000799,Grad,low
P000800,Undergrad,low
P000801,Grad,low
P000802,Undergrad,low
P000803,Grad,medium
P000804,Undergrad,low
P000805,Faculty,low
P000806,Faculty,low
P000807,Undergrad,low
P000808,Undergrad,medium
P000809,Undergrad,medium
P000810,Grad,low
P000811,Undergrad,low
P000812,Grad,low
P000813,Undergrad,medium
P000814,Undergrad,medium
P000815,Undergrad,low
P000816,Undergrad,medium
P000817,Faculty,medium
P000818,Community,high
P000819,Undergrad,low
P000820,Undergrad,low
P000821,Undergrad,low
P000822,Grad,medium
P000823,Undergrad,medium
P000824,Grad,medium
P000825,Staff,low
P000826,Undergrad,low
P000827,Faculty,low
P000828,Undergrad,medium
P000829,Undergrad,low
P000830,Undergrad,low
P000831,Undergrad,medium
P000832,Undergrad,low
P000833,Undergrad,low
P000834,Undergrad,low
P000835,Undergrad,medium
P000836,Grad,medium
P000837,Staff,high
P000838,Undergrad,low
P000839,Undergrad,high
P000840,Undergrad,medium
P000841,Staff,medium
P000842,Grad,high
P000843,Undergrad,low
P000844,Undergrad,low
P000845,Undergrad,low
P000846,Undergrad,medium
P000847,Community,medium
P000848,Staff,medium
P000849,Undergrad,low
P000850,Undergrad,low
P000851,Undergrad,low
P000852,Undergrad,medium
P000853,Staff,low
P000854,Grad,high
P000855,Undergrad,low
P000856,Undergrad,low
P000857,Faculty,medium
P000858,Grad,low
P000859,Undergrad,low
P000860,Undergrad,low
P000861,Undergrad,low
P000862,Community,high
P000863,Grad,medium
P000864,Undergrad,low
P000865,Grad,medium
P000866,Faculty,low
P000867,Undergrad,medium
P000868,Undergrad,high
P000869,Grad,medium
P000870,Grad,low
P000871,Grad,low
P000872,Staff,low
P000873,Undergrad,medium
P000874,Undergrad,low
P000875,Community,low
P000876,Undergrad,high
P000877,Grad,low
P000878,Grad,low
P000879,Grad,low
P000880,Undergrad,low
P000881,Faculty,low
P000882,Faculty,low
P000883,Grad,low
P000884,Undergrad,low
P000885,Undergrad,medium
P000886,Undergrad,low
P000887,Undergrad,medium
P000888,Undergrad,low
P000889,Community,low
P000890,Faculty,high
P000891,Grad,low
P000892,Undergrad,low
P000893,Undergrad,medium
P000894,Community,medium
P000895,Undergrad,low
P000896,Undergrad,low
P000897,Undergrad,medium
P000898,Staff,medium
P000899,Staff,low
P000900,Undergrad,low
P000901,Staff,low
P000902,Undergrad,low
P000903,Undergrad,low
P000904,Staff,low
P000905,Staff,low
P000906,Grad,low
P000907,Grad,high
P000908,Faculty,low
P000909,Faculty,low
P000910,Staff,low
P000911,Grad,high
P000912,Community,medium
P000913,Community,medium
P000914,Undergrad,low
P000915,Staff,medium
P000916,Undergrad,low
P000917,Undergrad,low
P000918,Grad,medium
P000919,Undergrad,medium
P000920,Undergrad,medium
P000921,Staff,medium
P000922,Undergrad,high
P000923,Undergrad,low
P000924,Staff,low
P000925,Undergrad,low
P000926,Undergrad,medium
P000927,Undergrad,low
P000928,Undergrad,medium
P000929,Grad,low
P000930,Faculty,low
P000931,Undergrad,low
P000932,Faculty,low
P000933,Grad,medium
P000934,Undergrad,low
P000935,Grad,low
P000936,Grad,low
P000937,Grad,low
P000938,Undergrad,low
P000939,Undergrad,low
P000940,Undergrad,medium
P000941,Undergrad,low
P000942,Grad,low
P000943,Undergrad,medium
P000944,Faculty,low
P000945,Undergrad,low
P000946,Undergrad,low
P000947,Grad,low
P000948,Undergrad,medium
P000949,Staff,low
P000950,Undergrad,medium
P000951,Undergrad,high
P000952,Staff,low
P000953,Grad,low
P000954,Undergrad,low
P000955,Undergrad,low
P000956,Grad,medium
P000957,Community,medium
P000958,Staff,low
P000959,Undergrad,low
P000960,Community,low
P000961,Undergrad,medium
P000962,Undergrad,medium
P000963,Faculty,medium
P000964,Undergrad,low
P000965,Undergrad,medium
P000966,Undergrad,low
P000967,Undergrad,low
P000968,Grad,low
P000969,Grad,low
P000970,Undergrad,medium
P000971,Undergrad,medium
P000972,Staff,low
P000973,Faculty,high
P000974,Undergrad,low
P000975,Community,medium
P000976,Grad,medium
P000977,Undergrad,low
P000978,Undergrad,medium
P000979,Undergrad,low
P000980,Grad,low
P000981,Undergrad,medium
P000982,Undergrad,medium
P000983,Undergrad,medium
P000984,Staff,medium
P000985,Undergrad,low
P000986,Staff,low
P000987,Community,high
P000988,Undergrad,low
P000989,Undergrad,medium
P000990,Undergrad,low
P000991,Staff,medium
P000992,Undergrad,low
P000993,Undergrad,high
P000994,Undergrad,medium
P000995,Undergrad,high
P000996,Community,low
P000997,Grad,medium
P000998,Staff,medium
P000999,Undergrad,medium
P001000,Undergrad,high
P001001,Community,low
P001002,Undergrad,low
P001003,Community,low
P001004,Undergrad,low
P001005,Undergrad,high
P001006,Grad,low
P001007,Community,low
P001008,Community,low
P001009,Undergrad,low
P001010,Undergrad,low
P001011,Grad,low
P001012,Grad,low
P001013,Grad,low
P001014,Undergrad,high
P001015,Community,low
P001016,Grad,low
P001017,Staff,high
P001018,Grad,medium
P001019,Undergrad,high
P001020,Community,high
P001021,Grad,low
P001022,Staff,medium
P001023,Community,low
P001024,Grad,low
P001025,Grad,medium
P001026,Undergrad,low
P001027,Undergrad,medium
P001028,Undergrad,medium
P001029,Undergrad,low
P001030,Undergrad,medium
P001031,Undergrad,low
P001032,Undergrad,low
P001033,Undergrad,medium
P001034,Undergrad,low
P001035,Undergrad,medium
P001036,Grad,low
P001037,Grad,low
P001038,Undergrad,medium
P001039,Grad,medium
P001040,Faculty,low
P001041,Undergrad,low
P001042,Grad,medium
P001043,Community,low
P001044,Faculty,medium
P001045,Undergrad,low
P001046,Grad,medium
P001047,Undergrad,high
P001048,Grad,low
P001049,Community,medium
P001050,Undergrad,medium
P001051,Staff,medium
P001052,Undergrad,low
P001053,Community,medium
P001054,Grad,medium
P001055,Undergrad,medium
P001056,Grad,medium
P001057,Undergrad,low
P001058,Undergrad,high
P001059,Faculty,low
P001060,Undergrad,low
P001061,Faculty,low
P001062,Undergrad,low
P001063,Undergrad,low
P001064,Community,low
P001065,Undergrad,low
P001066,Grad,medium
P001067,Grad,low
P001068,Grad,low
P001069,Staff,low
P001070,Grad,low
P001071,Undergrad,low
P001072,Staff,medium
P001073,Undergrad,high
P001074,Grad,medium
P001075,Community,medium
P001076,Grad,low
P001077,Faculty,low
P001078,Grad,low
P001079,Faculty,medium
P001080,Community,low
P001081,Undergrad,medium
P001082,Undergrad,low
P001083,Undergrad,low
P001084,Grad,high
P001085,Undergrad,medium
P001086,Undergrad,medium
P001087,Undergrad,medium
P001088,Community,medium
P001089,Grad,medium
P001090,Undergrad,high
P001091,Undergrad,low
P001092,Undergrad,medium
P001093,Undergrad,medium
P001094,Undergrad,low
P001095,Staff,medium
P001096,Community,high
P001097,Undergrad,low
P001098,Undergrad,low
P001099,Undergrad,low
P001100,Undergrad,medium
P001101,Undergrad,medium
P001102,Undergrad,low
P001103,Undergrad,low
P001104,Faculty,low
P001105,Grad,medium
P001106,Grad,low
P001107,Undergrad,low
P001108,Staff,medium
P001109,Community,low
P001110,Undergrad,low
P001111,Undergrad,low
P001112,Grad,low
P001113,Undergrad,low
P001114,Undergrad,high
P001115,Grad,medium
P001116,Grad,medium
P001117,Undergrad,high
P001118,Grad,low
P001119,Community,low
P001120,Undergrad,low
P001121,Grad,medium
P001122,Undergrad,medium
P001123,Undergrad,low
P001124,Grad,low
P001125,Undergrad,low
P001126,Undergrad,low
P001127,Undergrad,medium
P001128,Grad,low
P001129,Grad,high
P001130,Undergrad,low
P001131,Grad,medium
P001132,Undergrad,high
P001133,Grad,high
P001134,Undergrad,low
P001135,Grad,low
P001136,Community,low
P001137,Staff,low
P001138,Undergrad,medium
P001139,Staff,high
P001140,Undergrad,low
P001141,Community,low
P001142,Undergrad,low
P001143,Undergrad,medium
P001144,Undergrad,high
P001145,Undergrad,low
P001146,Grad,low
P001147,Community,medium
P001148,Grad,medium
P001149,Grad,low
P001150,Faculty,medium
P001151,Undergrad,high
P001152,Undergrad,medium
P001153,Undergrad,medium
P001154,Undergrad,low
P001155,Undergrad,medium
P001156,Undergrad,low
P001157,Undergrad,low
P001158,Undergrad,low
P001159,Staff,low
P001160,Undergrad,low
P001161,Grad,low
P001162,Grad,medium
P001163,Grad,medium
P001164,Undergrad,low
P001165,Undergrad,low
P001166,Undergrad,medium
P001167,Undergrad,low
P001168,Undergrad,high
P001169,Grad,low
P001170,Grad,medium
P001171,Grad,low
P001172,Undergrad,medium
P001173,Undergrad,medium
P001174,Staff,high
P001175,Undergrad,high
P001176,Grad,low
P001177,Faculty,medium
P001178,Undergrad,low
P001179,Undergrad,medium
P001180,Undergrad,low
P001181,Undergrad,medium
P001182,Undergrad,high
P001183,Undergrad,low
P001184,Undergrad,low
P001185,Undergrad,low
P001186,Staff,medium
P001187,Undergrad,low
P001188,Staff,high
P001189,Community,medium
P001190,Community,medium
P001191,Faculty,medium
P001192,Undergrad,low
P001193,Undergrad,high
P001194,Grad,medium
P001195,Grad,high
P001196,Staff,low
P001197,Community,medium
P001198,Undergrad,low
P001199,Undergrad,medium
P001200,Undergrad,medium
P001201,Undergrad,medium
P001202,Undergrad,medium
P001203,Grad,low
P001204,Faculty,high
P001205,Undergrad,high
P001206,Staff,low
P001207,Grad,high
P001208,Staff,low
P001209,Undergrad,medium
P001210,Staff,low
P001211,Grad,high
P001212,Undergrad,low
P001213,Undergrad,low
P001214,Staff,low
P001215,Undergrad,low
P001216,Undergrad,medium
P001217,Undergrad,low
P001218,Grad,medium
P001219,Faculty,high
P001220,Undergrad,medium
P001221,Undergrad,medium
P001222,Community,low
P001223,Faculty,low
P001224,Staff,low
P001225,Undergrad,low
P001226,Undergrad,high
P001227,Undergrad,low
P001228,Grad,high
P001229,Undergrad,low
P001230,Undergrad,medium
P001231,Undergrad,low
P001232,Undergrad,low
P001233,Faculty,medium
P001234,Undergrad,low
P001235,Grad,medium
P001236,Staff,medium
P001237,Undergrad,low
P001238,Grad,high
P001239,Community,low
P001240,Community,medium
P001241,Undergrad,low
P001242,Undergrad,medium
P001243,Undergrad,low
P001244,Grad,low
P001245,Grad,low
P001246,Grad,low
P001247,Undergrad,low
P001248,Undergrad,medium
P001249,Grad,medium
P001250,Undergrad,low
P001251,Grad,low
P001252,Undergrad,low
P001253,Undergrad,low
P001254,Undergrad,low
P001255,Undergrad,low
P001256,Undergrad,high
P001257,Undergrad,medium
P001258,Undergrad,low
P001259,Undergrad,low
P001260,Undergrad,medium
P001261,Faculty,low
P001262,Undergrad,medium
P001263,Grad,high
P001264,Grad,medium
P001265,Grad,low
P001266,Community,medium
P001267,Undergrad,high
P001268,Grad,medium
P001269,Community,medium
P001270,Staff,low
P001271,Undergrad,low
P001272,Undergrad,medium
P001273,Undergrad,high
P001274,Grad,medium
P001275,Grad,medium
P001276,Undergrad,low
P001277,Grad,low
P001278,Grad,low
P001279,Undergrad,low
P001280,Staff,medium
P001281,Faculty,low
P001282,Undergrad,medium
P001283,Grad,medium
P001284,Undergrad,low
P001285,Grad,low
P001286,Community,medium
P001287,Staff,high
P001288,Undergrad,medium
P001289,Undergrad,low
P001290,Undergrad,low
P001291,Grad,low
P001292,Undergrad,low
P001293,Grad,medium
P001294,Undergrad,medium
P001295,Undergrad,low
P001296,Undergrad,low
P001297,Community,low
P001298,Grad,high
P001299,Undergrad,low
P001300,Undergrad,medium
P001301,Undergrad,low
P001302,Undergrad,medium
P001303,Grad,low
P001304,Faculty,low
P001305,Grad,medium
P001306,Grad,medium
P001307,Grad,low
P001308,Staff,low
P001309,Staff,low
P001310,Undergrad,low
P001311,Undergrad,medium
P001312,Undergrad,high
P001313,Undergrad,low
P001314,Grad,low
P001315,Undergrad,low
P001316,Undergrad,low
P001317,Undergrad,low
P001318,Undergrad,medium
P001319,Staff,low
P001320,Grad,medium
P001321,Grad,medium
P001322,Undergrad,high
P001323,Grad,high
P001324,Undergrad,medium
P001325,Grad,high
P001326,Undergrad,low
P001327,Undergrad,low
P001328,Undergrad,low
P001329,Undergrad,medium
P001330,Community,high
P001331,Undergrad,low
P001332,Undergrad,medium
P001333,Undergrad,medium
P001334,Staff,high
P001335,Undergrad,medium
P001336,Faculty,high
P001337,Staff,low
P001338,Undergrad,low
P001339,Undergrad,low
P001340,Undergrad,low
P001341,Faculty,low
P001342,Undergrad,medium
P001343,Undergrad,medium
P001344,Grad,medium
P001345,Grad,low
P001346,Undergrad,low
P001347,Grad,low
P001348,Undergrad,low
P001349,Undergrad,medium
P001350,Undergrad,low
P001351,Staff,low
P001352,Undergrad,medium
P001353,Staff,low
P001354,Grad,high
P001355,Undergrad,low
P001356,Grad,high
P001357,Undergrad,low
P001358,Community,medium
P001359,Staff,low
P001360,Undergrad,medium
P001361,Undergrad,low
P001362,Undergrad,low
P001363,Undergrad,medium
P001364,Undergrad,low
P001365,Undergrad,low
P001366,Grad,low
P001367,Undergrad,medium
P001368,Staff,low
P001369,Faculty,low
P001370,Undergrad,low
P001371,Staff,medium
P001372,Undergrad,medium
P001373,Undergrad,low
P001374,Grad,low
P001375,Undergrad,low
P001376,Grad,low
P001377,Staff,low
P001378,Community,low
P001379,Grad,low
P001380,Faculty,high
P001381,Undergrad,low
P001382,Undergrad,medium
P001383,Grad,low
P001384,Undergrad,low
P001385,Undergrad,medium
P001386,Undergrad,low
P001387,Grad,low
P001388,Undergrad,medium
P001389,Grad,low
P001390,Undergrad,low
P001391,Undergrad,low
P001392,Undergrad,low
P001393,Undergrad,medium
P001394,Staff,low
P001395,Undergrad,low
P001396,Undergrad,low
P001397,Grad,low
P001398,Undergrad,high
P001399,Undergrad,low
P001400,Undergrad,high
P001401,Community,medium
P001402,Grad,medium
P001403,Undergrad,low
P001404,Undergrad,low
P001405,Undergrad,medium
P001406,Undergrad,medium
P001407,Grad,low
P001408,Staff,low
P001409,Undergrad,low
P001410,Staff,high
P001411,Undergrad,low
P001412,Undergrad,medium
P001413,Undergrad,medium
P001414,Undergrad,medium
P001415,Staff,medium
P001416,Undergrad,low
P001417,Undergrad,high
P001418,Community,medium
P001419,Staff,medium
P001420,Faculty,low
P001421,Staff,medium
P001422,Undergrad,low
P001423,Faculty,low
P001424,Grad,medium
P001425,Staff,low
P001426,Faculty,medium
P001427,Undergrad,low
P001428,Faculty,medium
P001429,Undergrad,low
P001430,Undergrad,medium
P001431,Undergrad,low
P001432,Staff,medium
P001433,Undergrad,medium
P001434,Grad,low
P001435,Undergrad,low
P001436,Community,medium
P001437,Undergrad,medium
P001438,Faculty,medium
P001439,Staff,medium
P001440,Undergrad,low
P001441,Undergrad,low
P001442,Faculty,low
P001443,Staff,low
P001444,Faculty,medium
P001445,Undergrad,low
P001446,Staff,high
P001447,Undergrad,medium
P001448,Grad,medium
P001449,Faculty,high
P001450,Undergrad,low
P001451,Faculty,medium
P001452,Grad,low
P001453,Staff,low
P001454,Undergrad,medium
P001455,Undergrad,low
P001456,Faculty,high
P001457,Undergrad,medium
P001458,Undergrad,medium
P001459,Community,low
P001460,Undergrad,medium
P001461,Community,low
P001462,Undergrad,medium
P001463,Undergrad,low
P001464,Faculty,medium
P001465,Grad,low
P001466,Grad,low
P001467,Grad,low
P001468,Staff,low
P001469,Undergrad,medium
P001470,Undergrad,low
P001471,Undergrad,low
P001472,Grad,medium
P001473,Undergrad,low
P001474,Undergrad,low
P001475,Undergrad,medium
P001476,Undergrad,low
P001477,Undergrad,low
P001478,Grad,low
P001479,Undergrad,low
P001480,Staff,low
P001481,Grad,low
P001482,Undergrad,medium
P001483,Grad,low
P001484,Undergrad,low
P001485,Faculty,low
P001486,Community,medium
P001487,Grad,high
P001488,Grad,low
P001489,Undergrad,high
P001490,Undergrad,low
P001491,Staff,low
P001492,Undergrad,low
P001493,Undergrad,low
P001494,Undergrad,low
P001495,Grad,low
P001496,Undergrad,low
P001497,Staff,low
P001498,Undergrad,low
P001499,Undergrad,low
P001500,Grad,medium
P001501,Undergrad,low
P001502,Grad,medium
P001503,Undergrad,medium
P001504,Undergrad,low
P001505,Undergrad,low
P001506,Staff,low
P001507,Grad,medium
P001508,Faculty,low
P001509,Undergrad,low
P001510,Grad,low
P001511,Undergrad,medium
P001512,Community,low
P001513,Faculty,medium
P001514,Grad,low
P001515,Undergrad,medium
P001516,Grad,low
P001517,Undergrad,low
P001518,Staff,high
P001519,Undergrad,medium
P001520,Undergrad,low
P001521,Undergrad,low
P001522,Undergrad,medium
P001523,Undergrad,medium
P001524,Staff,low
P001525,Grad,medium
P001526,Staff,medium
P001527,Faculty,low
P001528,Undergrad,medium
P001529,Grad,low
P001530,Undergrad,high
P001531,Staff,medium
P001532,Undergrad,medium
P001533,Undergrad,low
P001534,Undergrad,low
P001535,Undergrad,low
P001536,Undergrad,medium
P001537,Undergrad,medium
P001538,Faculty,low
P001539,Faculty,medium
P001540,Undergrad,medium
P001541,Undergrad,low
P001542,Staff,low
P001543,Undergrad,medium
P001544,Staff,low
P001545,Undergrad,medium
P001546,Grad,low
P001547,Grad,high
P001548,Grad,low
P001549,Staff,low
P001550,Undergrad,low
P001551,Undergrad,low
P001552,Grad,low
P001553,Faculty,low
P001554,Undergrad,high
P001555,Faculty,high
P001556,Undergrad,low
P001557,Undergrad,medium
P001558,Faculty,low
P001559,Undergrad,medium
P001560,Undergrad,medium
P001561,Undergrad,low
P001562,Undergrad,medium
P001563,Grad,medium
P001564,Grad,low
P001565,Undergrad,high
P001566,Undergrad,high
P001567,Undergrad,low
P001568,Undergrad,medium
P001569,Community,high
P001570,Staff,low
P001571,Undergrad,low
P001572,Undergrad,low
P001573,Staff,medium
P001574,Grad,medium
P001575,Grad,low
P001576,Faculty,high
P001577,Undergrad,medium
P001578,Undergrad,medium
P001579,Community,low
P001580,Grad,low
P001581,Undergrad,medium
P001582,Undergrad,low
P001583,Undergrad,medium
P001584,Faculty,medium
P001585,Undergrad,low
P001586,Undergrad,medium
P001587,Community,low
P001588,Undergrad,low
P001589,Undergrad,low
P001590,Undergrad,low
P001591,Undergrad,low
P001592,Undergrad,medium
P001593,Staff,medium
P001594,Staff,low
P001595,Undergrad,medium
P001596,Undergrad,low
P001597,Grad,low
P001598,Undergrad,medium
P001599,Undergrad,medium
P001600,Staff,medium
P001601,Undergrad,low
P001602,Undergrad,medium
P001603,Undergrad,medium
P001604,Undergrad,high
P001605,Undergrad,low
P001606,Undergrad,medium
P001607,Undergrad,medium
P001608,Grad,high
P001609,Undergrad,low
P001610,Undergrad,low
P001611,Grad,low
P001612,Staff,low
P001613,Undergrad,low
P001614,Undergrad,low
P001615,Undergrad,medium
P001616,Faculty,low
P001617,Undergrad,low
P001618,Undergrad,low
P001619,Undergrad,low
P001620,Undergrad,high
P001621,Undergrad,medium
P001622,Undergrad,medium
P001623,Staff,low
P001624,Grad,high
P001625,Undergrad,low
P001626,Undergrad,medium
P001627,Undergrad,low
P001628,Undergrad,medium
P001629,Staff,medium
P001630,Community,low
P001631,Undergrad,low
P001632,Undergrad,medium
P001633,Undergrad,low
P001634,Grad,low
P001635,Grad,low
P001636,Staff,low
P001637,Faculty,medium
P001638,Undergrad,low
P001639,Grad,low
P001640,Grad,medium
P001641,Undergrad,medium
P001642,Undergrad,low
P001643,Grad,medium
P001644,Grad,low
P001645,Grad,low
P001646,Grad,high
P001647,Grad,high
P001648,Grad,low
P001649,Undergrad,low
P001650,Grad,low
P001651,Undergrad,low
P001652,Undergrad,low
P001653,Undergrad,low
P001654,Grad,high
P001655,Grad,medium
P001656,Community,low
P001657,Undergrad,medium
P001658,Undergrad,low
P001659,Undergrad,low
P001660,Undergrad,low
P001661,Faculty,medium
P001662,Undergrad,low
P001663,Grad,medium
P001664,Grad,medium
P001665,Undergrad,low
P001666,Staff,low
P001667,Undergrad,medium
P001668,Undergrad,high
P001669,Staff,medium
P001670,Staff,low
P001671,Undergrad,medium
P001672,Undergrad,low
P001673,Undergrad,high
P001674,Undergrad,medium
P001675,Community,medium
P001676,Grad,low
P001677,Undergrad,medium
P001678,Staff,low
P001679,Undergrad,low
P001680,Undergrad,low
P001681,Community,high
P001682,Staff,medium
P001683,Staff,low
P001684,Undergrad,medium
P001685,Faculty,low
P001686,Undergrad,low
P001687,Grad,low
P001688,Community,medium
P001689,Undergrad,low
P001690,Faculty,low
P001691,Undergrad,medium
P001692,Undergrad,low
P001693,Faculty,medium
P001694,Undergrad,low
P001695,Grad,medium
P001696,Undergrad,medium
P001697,Community,medium
P001698,Undergrad,low
P001699,Undergrad,medium
P001700,Undergrad,low
P001701,Community,medium
P001702,Grad,low
P001703,Faculty,low
P001704,Undergrad,medium
P001705,Undergrad,medium
P001706,Undergrad,low
P001707,Grad,high
P001708,Undergrad,high
P001709,Community,medium
P001710,Faculty,low
P001711,Undergrad,medium
P001712,Undergrad,low
P001713,Faculty,low
P001714,Undergrad,high
P001715,Undergrad,high
P001716,Undergrad,high
P001717,Grad,low
P001718,Faculty,low
P001719,Undergrad,low
P001720,Undergrad,low
P001721,Undergrad,low
P001722,Faculty,low
P001723,Undergrad,medium
P001724,Undergrad,medium
P001725,Community,medium
P001726,Community,medium
P001727,Community,low
P001728,Faculty,low
P001729,Undergrad,medium
P001730,Undergrad,low
P001731,Undergrad,medium
P001732,Undergrad,low
P001733,Community,low
P001734,Faculty,medium
P001735,Grad,medium
P001736,Undergrad,high
P001737,Staff,low
P001738,Faculty,low
P001739,Undergrad,medium
P001740,Staff,low
P001741,Undergrad,low
P001742,Undergrad,high
P001743,Grad,medium
P001744,Grad,high
P001745,Undergrad,low
P001746,Undergrad,low
P001747,Community,medium
P001748,Grad,low
P001749,Grad,medium
P001750,Undergrad,low
P001751,Undergrad,medium
P001752,Undergrad,medium
P001753,Undergrad,low
P001754,Undergrad,low
P001755,Undergrad,medium
P001756,Grad,medium
P001757,Undergrad,low
P001758,Faculty,medium
P001759,Undergrad,low
P001760,Undergrad,low
P001761,Undergrad,low
P001762,Undergrad,high
P001763,Undergrad,low
P001764,Community,low
P001765,Faculty,medium
P001766,Undergrad,low
P001767,Undergrad,low
P001768,Grad,low
P001769,Faculty,medium
P001770,Undergrad,medium
P001771,Grad,medium
P001772,Faculty,medium
P001773,Faculty,medium
P001774,Faculty,medium
P001775,Staff,low
P001776,Staff,low
P001777,Undergrad,medium
P001778,Grad,high
P001779,Faculty,low
P001780,Grad,low
P001781,Community,low
P001782,Undergrad,low
P001783,Undergrad,low
P001784,Undergrad,low
P001785,Undergrad,low
P001786,Undergrad,medium
P001787,Grad,low
P001788,Undergrad,medium
P001789,Faculty,medium
P001790,Grad,high
P001791,Undergrad,medium
P001792,Undergrad,low
P001793,Grad,high
P001794,Faculty,medium
P001795,Staff,low
P001796,Staff,low
P001797,Community,low
P001798,Grad,low
P001799,Staff,low
P001800,Faculty,high
P001801,Staff,low
P001802,Undergrad,medium
P001803,Community,medium
P001804,Undergrad,medium
P001805,Faculty,medium
P001806,Undergrad,high
P001807,Undergrad,low
P001808,Undergrad,high
P001809,Undergrad,medium
P001810,Undergrad,low
P001811,Faculty,medium
P001812,Undergrad,medium
P001813,Undergrad,high
P001814,Undergrad,low
P001815,Grad,medium
P001816,Undergrad,low
P001817,Undergrad,low
P001818,Undergrad,low
P001819,Grad,low
P001820,Undergrad,medium
P001821,Undergrad,low
P001822,Undergrad,low
P001823,Community,low
P001824,Undergrad,low
P001825,Grad,low
P001826,Undergrad,low
P001827,Undergrad,medium
P001828,Undergrad,low
P001829,Undergrad,low
P001830,Undergrad,low
P001831,Undergrad,medium
P001832,Undergrad,low
P001833,Grad,medium
P001834,Community,medium
P001835,Undergrad,medium
P001836,Grad,low
P001837,Community,medium
P001838,Faculty,medium
P001839,Undergrad,low
P001840,Grad,medium
P001841,Undergrad,high
P001842,Undergrad,medium
P001843,Undergrad,medium
P001844,Undergrad,medium
P001845,Undergrad,medium
P001846,Undergrad,medium
P001847,Grad,medium
P001848,Undergrad,medium
P001849,Grad,low
P001850,Undergrad,low
P001851,Undergrad,medium
P001852,Grad,low
P001853,Community,medium
P001854,Undergrad,high
P001855,Undergrad,medium
P001856,Staff,high
P001857,Undergrad,medium
P001858,Staff,low
P001859,Grad,medium
P001860,Undergrad,low
P001861,Undergrad,low
P001862,Undergrad,low
P001863,Undergrad,low
P001864,Staff,low
P001865,Grad,low
P001866,Grad,medium
P001867,Faculty,medium
P001868,Undergrad,low
P001869,Grad,low
P001870,Undergrad,medium
P001871,Faculty,medium
P001872,Undergrad,high
P001873,Grad,low
P001874,Staff,medium
P001875,Undergrad,low
P001876,Undergrad,medium
P001877,Undergrad,low
P001878,Undergrad,low
P001879,Grad,low
P001880,Community,low
P001881,Undergrad,low
P001882,Undergrad,medium
P001883,Grad,medium
P001884,Undergrad,medium
P001885,Undergrad,low
P001886,Staff,low
P001887,Grad,high
P001888,Undergrad,medium
P001889,Undergrad,low
P001890,Grad,low
P001891,Faculty,medium
P001892,Faculty,low
P001893,Undergrad,low
P001894,Staff,medium
P001895,Grad,medium
P001896,Grad,medium
P001897,Grad,low
P001898,Undergrad,low
P001899,Community,high
P001900,Undergrad,medium
P001901,Undergrad,low
P001902,Faculty,low
P001903,Grad,low
P001904,Faculty,low
P001905,Undergrad,medium
P001906,Undergrad,high
P001907,Staff,low
P001908,Undergrad,low
P001909,Staff,medium
P001910,Undergrad,low
P001911,Staff,high
P001912,Undergrad,medium
P001913,Grad,high
P001914,Staff,low
P001915,Undergrad,low
P001916,Faculty,low
P001917,Faculty,low
P001918,Grad,low
P001919,Staff,high
P001920,Undergrad,medium
P001921,Undergrad,medium
P001922,Undergrad,low
P001923,Undergrad,medium
P001924,Undergrad,medium
P001925,Grad,low
P001926,Undergrad,high
P001927,Undergrad,low
P001928,Undergrad,low
P001929,Faculty,low
P001930,Grad,medium
P001931,Undergrad,medium
P001932,Staff,low
P001933,Undergrad,low
P001934,Community,low
P001935,Grad,low
P001936,Undergrad,low
P001937,Grad,low
P001938,Faculty,low
P001939,Undergrad,medium
P001940,Staff,low
P001941,Undergrad,medium
P001942,Undergrad,low
P001943,Undergrad,low
P001944,Undergrad,low
P001945,Undergrad,low
P001946,Staff,low
P001947,Undergrad,medium
P001948,Undergrad,high
P001949,Grad,low
P001950,Staff,low
P001951,Community,high
P001952,Faculty,low
P001953,Community,medium
P001954,Faculty,high
P001955,Community,high
P001956,Grad,low
P001957,Undergrad,low
P001958,Undergrad,low
P001959,Grad,medium
P001960,Undergrad,high
P001961,Undergrad,medium
P001962,Grad,medium
P001963,Staff,medium
P001964,Undergrad,medium
P001965,Faculty,medium
P001966,Grad,medium
P001967,Community,low
P001968,Staff,low
P001969,Faculty,medium
P001970,Grad,low
P001971,Undergrad,low
P001972,Grad,medium
P001973,Faculty,medium
P001974,Staff,high
P001975,Faculty,low
P001976,Undergrad,medium
P001977,Grad,low
P001978,Undergrad,high
P001979,Undergrad,low
P001980,Undergrad,medium
P001981,Undergrad,medium
P001982,Staff,low
P001983,Undergrad,high
P001984,Undergrad,medium
P001985,Community,low
P001986,Undergrad,low
P001987,Undergrad,low
P001988,Undergrad,low
P001989,Undergrad,medium
P001990,Undergrad,high
P001991,Undergrad,low
P001992,Grad,low
P001993,Undergrad,low
P001994,Undergrad,low
P001995,Staff,low
P001996,Undergrad,low
P001997,Staff,low
P001998,Undergrad,medium
P001999,Undergrad,medium
P002000,Faculty,low
P002001,Undergrad,medium
P002002,Undergrad,medium
P002003,Grad,medium
P002004,Undergrad,low
P002005,Faculty,medium
P002006,Staff,medium
P002007,Undergrad,low
P002008,Grad,low
P002009,Undergrad,high
P002010,Community,medium
P002011,Faculty,high
P002012,Staff,medium
P002013,Undergrad,medium
P002014,Faculty,low
P002015,Undergrad,low
P002016,Undergrad,high
P002017,Community,low
P002018,Undergrad,low
P002019,Community,medium
P002020,Undergrad,medium
P002021,Faculty,low
P002022,Undergrad,low
P002023,Undergrad,low
P002024,Undergrad,low
P002025,Grad,medium
P002026,Undergrad,low
P002027,Grad,medium
P002028,Undergrad,medium
P002029,Undergrad,medium
P002030,Undergrad,low
P002031,Undergrad,low
P002032,Faculty,low
P002033,Staff,low
P002034,Undergrad,medium
P002035,Grad,low
P002036,Faculty,medium
P002037,Undergrad,low
P002038,Undergrad,low
P002039,Grad,high
P002040,Undergrad,medium
P002041,Undergrad,low
P002042,Undergrad,low
P002043,Grad,low
P002044,Undergrad,medium
P002045,Undergrad,low
P002046,Undergrad,medium
P002047,Undergrad,medium
P002048,Undergrad,high
P002049,Staff,low
P002050,Undergrad,low
P002051,Grad,medium
P002052,Undergrad,low
P002053,Grad,low
P002054,Grad,low
P002055,Undergrad,low
P002056,Staff,low
P002057,Undergrad,low
P002058,Faculty,high
P002059,Undergrad,medium
P002060,Community,low
P002061,Faculty,low
P002062,Community,medium
P002063,Undergrad,medium
P002064,Undergrad,low
P002065,Faculty,medium
P002066,Staff,medium
P002067,Community,low
P002068,Undergrad,high
P002069,Faculty,medium
P002070,Undergrad,medium
P002071,Grad,low
P002072,Undergrad,medium
P002073,Undergrad,medium
P002074,Staff,low
P002075,Undergrad,medium
P002076,Grad,low
P002077,Grad,low
P002078,Undergrad,low
P002079,Undergrad,medium
P002080,Grad,high
P002081,Undergrad,low
P002082,Faculty,medium
P002083,Community,low
P002084,Undergrad,high
P002085,Undergrad,medium
P002086,Undergrad,medium
P002087,Faculty,medium
P002088,Undergrad,low
P002089,Undergrad,low
P002090,Grad,high
P002091,Community,low
P002092,Undergrad,medium
P002093,Undergrad,high
P002094,Community,low
P002095,Grad,medium
P002096,Grad,high
P002097,Grad,medium
P002098,Community,low
P002099,Grad,low
P002100,Staff,low
P002101,Grad,medium
P002102,Grad,medium
P002103,Undergrad,medium
P002104,Undergrad,low
P002105,Faculty,low
P002106,Undergrad,medium
P002107,Grad,medium
P002108,Undergrad,high
P002109,Faculty,medium
P002110,Undergrad,medium
P002111,Faculty,medium
P002112,Grad,medium
P002113,Undergrad,low
P002114,Grad,high
P002115,Undergrad,medium
P002116,Undergrad,low
P002117,Undergrad,low
P002118,Undergrad,low
P002119,Community,low
P002120,Undergrad,low
P002121,Grad,low
P002122,Undergrad,low
P002123,Grad,low
P002124,Undergrad,medium
P002125,Grad,low
P002126,Grad,medium
P002127,Grad,low
P002128,Undergrad,low
P002129,Grad,low
P002130,Undergrad,medium
P002131,Undergrad,medium
P002132,Undergrad,low
P002133,Undergrad,medium
P002134,Undergrad,low
P002135,Grad,high
P002136,Undergrad,high
P002137,Undergrad,medium
P002138,Undergrad,medium
P002139,Grad,medium
P002140,Grad,medium
P002141,Undergrad,medium
P002142,Grad,high
P002143,Grad,medium
P002144,Undergrad,medium
P002145,Undergrad,medium
P002146,Grad,medium
P002147,Grad,medium
P002148,Undergrad,low
P002149,Undergrad,low
P002150,Undergrad,low
P002151,Grad,low
P002152,Staff,low
P002153,Undergrad,high
P002154,Undergrad,medium
P002155,Faculty,medium
P002156,Faculty,low
P002157,Staff,medium
P002158,Grad,medium
P002159,Staff,medium
P002160,Undergrad,low
P002161,Undergrad,low
P002162,Undergrad,medium
P002163,Grad,medium
P002164,Undergrad,high
P002165,Undergrad,medium
P002166,Undergrad,high
P002167,Undergrad,medium
P002168,Staff,high
P002169,Undergrad,medium
P002170,Undergrad,low
P002171,Faculty,low
P002172,Undergrad,low
P002173,Grad,low
P002174,Faculty,low
P002175,Staff,low
P002176,Staff,medium
P002177,Undergrad,low
P002178,Grad,low
P002179,Undergrad,medium
P002180,Undergrad,medium
P002181,Undergrad,high
P002182,Undergrad,medium
P002183,Staff,low
P002184,Undergrad,low
P002185,Grad,low
P002186,Undergrad,low
P002187,Undergrad,low
P002188,Community,high
P002189,Undergrad,low
P002190,Grad,low
P002191,Undergrad,low
P002192,Undergrad,medium
P002193,Undergrad,low
P002194,Faculty,low
P002195,Undergrad,low
P002196,Undergrad,low
P002197,Undergrad,low
P002198,Faculty,low
P002199,Grad,low
P002200,Grad,medium
P002201,Undergrad,medium
P002202,Staff,medium
P002203,Faculty,low
P002204,Faculty,low
P002205,Faculty,low
P002206,Grad,low
P002207,Undergrad,low
P002208,Staff,low
P002209,Staff,medium
P002210,Undergrad,medium
P002211,Undergrad,medium
P002212,Community,low
P002213,Undergrad,medium
P002214,Staff,low
P002215,Undergrad,medium
P002216,Undergrad,low
P002217,Undergrad,low
P002218,Undergrad,medium
P002219,Undergrad,medium
P002220,Undergrad,low
P002221,Grad,low
P002222,Community,low
P002223,Undergrad,high
P002224,Undergrad,medium
P002225,Grad,high
P002226,Grad,low
P002227,Undergrad,medium
P002228,Undergrad,medium
P002229,Undergrad,low
P002230,Undergrad,low
P002231,Undergrad,medium
P002232,Grad,medium
P002233,Undergrad,medium
P002234,Staff,medium
P002235,Staff,medium
P002236,Community,medium
P002237,Staff,low
P002238,Undergrad,low
P002239,Undergrad,medium
P002240,Undergrad,high
P002241,Faculty,low
P002242,Staff,low
P002243,Staff,low
P002244,Undergrad,low
P002245,Faculty,low
P002246,Undergrad,medium
P002247,Undergrad,low
P002248,Faculty,medium
P002249,Undergrad,medium
P002250,Community,high
P002251,Undergrad,low
P002252,Staff,medium
P002253,Undergrad,low
P002254,Faculty,low
P002255,Faculty,medium
P002256,Staff,medium
P002257,Undergrad,low
P002258,Community,high
P002259,Undergrad,medium
P002260,Undergrad,medium
P002261,Undergrad,medium
P002262,Faculty,low
P002263,Undergrad,medium
P002264,Faculty,low
P002265,Grad,medium
P002266,Undergrad,low
P002267,Community,low
P002268,Undergrad,medium
P002269,Staff,low
P002270,Undergrad,low
P002271,Undergrad,low
P002272,Undergrad,medium
P002273,Undergrad,low
P002274,Undergrad,low
P002275,Undergrad,low
P002276,Undergrad,low
P002277,Undergrad,low
P002278,Undergrad,medium
P002279,Faculty,low
P002280,Grad,low
P002281,Staff,low
P002282,Grad,low
P002283,Grad,low
P002284,Grad,medium
P002285,Undergrad,low
P002286,Grad,low
P002287,Undergrad,medium
P002288,Staff,low
P002289,Faculty,medium
P002290,Undergrad,low
P002291,Faculty,low
P002292,Undergrad,medium
P002293,Undergrad,low
P002294,Undergrad,medium
P002295,Faculty,medium
P002296,Faculty,medium
P002297,Faculty,medium
P002298,Undergrad,medium
P002299,Undergrad,medium
P002300,Grad,medium
P002301,Undergrad,low
P002302,Grad,low
P002303,Undergrad,low
P002304,Undergrad,low
P002305,Undergrad,medium
P002306,Grad,low
P002307,Undergrad,low
P002308,Undergrad,medium
P002309,Undergrad,low
P002310,Undergrad,low
P002311,Undergrad,medium
P002312,Undergrad,medium
P002313,Grad,medium
P002314,Undergrad,low
P002315,Faculty,low
P002316,Grad,medium
P002317,Undergrad,low
P002318,Undergrad,medium
P002319,Staff,medium
P002320,Undergrad,low
P002321,Undergrad,low
P002322,Undergrad,low
P002323,Grad,medium
P002324,Grad,low
P002325,Community,low
P002326,Staff,medium
P002327,Undergrad,low
P002328,Undergrad,low
P002329,Undergrad,medium
P002330,Undergrad,low
P002331,Undergrad,medium
P002332,Undergrad,medium
P002333,Undergrad,low
P002334,Undergrad,high
P002335,Undergrad,low
P002336,Community,high
P002337,Grad,low
P002338,Community,low
P002339,Undergrad,low
P002340,Undergrad,low
P002341,Undergrad,medium
P002342,Undergrad,medium
P002343,Undergrad,medium
P002344,Community,low
P002345,Community,low
P002346,Undergrad,medium
P002347,Undergrad,low
P002348,Undergrad,medium
P002349,Undergrad,medium
P002350,Undergrad,low
P002351,Undergrad,medium
P002352,Undergrad,medium
P002353,Undergrad,medium
P002354,Undergrad,low
P002355,Undergrad,low
P002356,Undergrad,low
P002357,Community,low
P002358,Undergrad,low
P002359,Staff,medium
P002360,Staff,medium
P002361,Community,medium
P002362,Faculty,low
P002363,Grad,high
P002364,Staff,low
P002365,Undergrad,medium
P002366,Undergrad,high
P002367,Community,medium
P002368,Faculty,high
P002369,Community,medium
P002370,Faculty,low
P002371,Staff,low
P002372,Grad,low
P002373,Faculty,low
P002374,Grad,medium
P002375,Staff,low
P002376,Faculty,medium
P002377,Staff,low
P002378,Grad,low
P002379,Undergrad,high
P002380,Undergrad,low
P002381,Staff,medium
P002382,Grad,medium
P002383,Undergrad,low
P002384,Undergrad,low
P002385,Faculty,low
P002386,Faculty,medium
P002387,Faculty,medium
P002388,Grad,low
P002389,Undergrad,medium
P002390,Undergrad,low
P002391,Undergrad,medium
P002392,Faculty,medium
P002393,Undergrad,medium
P002394,Grad,medium
P002395,Undergrad,low
P002396,Grad,high
P002397,Staff,low
P002398,Undergrad,medium
P002399,Faculty,low
P002400,Undergrad,high
P002401,Undergrad,medium
P002402,Undergrad,medium
P002403,Undergrad,low
P002404,Faculty,medium
P002405,Grad,medium
P002406,Undergrad,medium
P002407,Undergrad,low
P002408,Grad,low
P002409,Faculty,low
P002410,Undergrad,low
P002411,Grad,low
P002412,Faculty,low
P002413,Grad,low
P002414,Undergrad,low
P002415,Grad,low
P002416,Grad,high
P002417,Grad,low
P002418,Grad,low
P002419,Community,low
P002420,Undergrad,medium
P002421,Community,high
P002422,Grad,low
P002423,Grad,low
P002424,Undergrad,high
P002425,Undergrad,low
P002426,Faculty,low
P002427,Grad,low
P002428,Undergrad,low
P002429,Grad,high
P002430,Undergrad,low
P002431,Community,high
P002432,Staff,high
P002433,Undergrad,medium
P002434,Staff,low
P002435,Staff,low
P002436,Undergrad,low
P002437,Grad,low
P002438,Undergrad,medium
P002439,Grad,low
P002440,Undergrad,high
P002441,Undergrad,low
P002442,Undergrad,medium
P002443,Undergrad,medium
P002444,Faculty,low
P002445,Undergrad,low
P002446,Undergrad,low
P002447,Staff,low
P002448,Undergrad,low
P002449,Grad,low
P002450,Community,low
P002451,Staff,high
P002452,Undergrad,low
P002453,Undergrad,low
P002454,Community,low
P002455,Undergrad,low
P002456,Undergrad,low
P002457,Undergrad,high
P002458,Undergrad,low
P002459,Faculty,low
P002460,Faculty,low
P002461,Community,low
P002462,Faculty,low
P002463,Undergrad,medium
P002464,Undergrad,low
P002465,Community,low
P002466,Undergrad,medium
P002467,Undergrad,low
P002468,Staff,low
P002469,Grad,high
P002470,Undergrad,low
P002471,Staff,medium
P002472,Community,low
P002473,Undergrad,low
P002474,Staff,low
P002475,Undergrad,low
P002476,Grad,low
P002477,Staff,low
P002478,Community,medium
P002479,Undergrad,medium
P002480,Undergrad,low
P002481,Undergrad,medium
P002482,Grad,medium
P002483,Undergrad,medium
P002484,Undergrad,low
P002485,Undergrad,medium
P002486,Undergrad,low
P002487,Undergrad,low
P002488,Faculty,low
P002489,Undergrad,medium
P002490,Undergrad,high
P002491,Staff,high
P002492,Faculty,low
P002493,Undergrad,high
P002494,Undergrad,low
P002495,Grad,low
P002496,Undergrad,low
P002497,Faculty,low
P002498,Undergrad,medium
P002499,Undergrad,low
P002500,Undergrad,high
P002501,Faculty,low
P002502,Staff,low
P002503,Undergrad,high
P002504,Grad,low
P002505,Undergrad,medium
P002506,Undergrad,medium
P002507,Staff,low
P002508,Undergrad,medium
P002509,Staff,low
P002510,Grad,medium
P002511,Staff,low
P002512,Faculty,low
P002513,Undergrad,low
P002514,Undergrad,low
P002515,Undergrad,medium
P002516,Undergrad,high
P002517,Undergrad,medium
P002518,Undergrad,low
P002519,Community,high
P002520,Undergrad,low
P002521,Faculty,medium
P002522,Community,medium
P002523,Staff,low
P002524,Undergrad,medium
P002525,Undergrad,low
P002526,Undergrad,medium
P002527,Undergrad,medium
P002528,Undergrad,high
P002529,Faculty,medium
P002530,Undergrad,low
P002531,Grad,medium
P002532,Community,low
P002533,Undergrad,low
P002534,Undergrad,high
P002535,Faculty,high
P002536,Undergrad,medium
P002537,Grad,low
P002538,Undergrad,medium
P002539,Staff,high
P002540,Undergrad,low
P002541,Undergrad,low
P002542,Grad,medium
P002543,Undergrad,medium
P002544,Undergrad,high
P002545,Undergrad,low
P002546,Undergrad,medium
P002547,Grad,medium
P002548,Grad,low
P002549,Grad,medium
P002550,Grad,low
P002551,Undergrad,low
P002552,Undergrad,low
P002553,Faculty,low
P002554,Staff,medium
P002555,Undergrad,high
P002556,Undergrad,low
P002557,Undergrad,low
P002558,Grad,low
P002559,Grad,medium
P002560,Undergrad,high
P002561,Grad,medium
P002562,Undergrad,medium
P002563,Undergrad,medium
P002564,Faculty,low
P002565,Undergrad,medium
P002566,Undergrad,medium
P002567,Community,medium
P002568,Staff,medium
P002569,Faculty,medium
P002570,Undergrad,medium
P002571,Undergrad,high
P002572,Community,high
P002573,Grad,medium
P002574,Staff,low
P002575,Undergrad,low
P002576,Undergrad,medium
P002577,Community,low
P002578,Grad,low
P002579,Undergrad,low
P002580,Undergrad,medium
P002581,Undergrad,low
P002582,Undergrad,low
P002583,Undergrad,low
P002584,Undergrad,medium
P002585,Faculty,low
P002586,Undergrad,low
P002587,Community,medium
P002588,Undergrad,medium
P002589,Grad,low
P002590,Undergrad,medium
P002591,Grad,low
P002592,Community,medium
P002593,Faculty,low
P002594,Grad,low
P002595,Undergrad,medium
P002596,Faculty,medium
P002597,Staff,low
P002598,Community,low
P002599,Undergrad,medium
P002600,Community,medium
P002601,Undergrad,low
P002602,Undergrad,medium
P002603,Undergrad,low
P002604,Undergrad,low
P002605,Faculty,low
P002606,Staff,low
P002607,Faculty,low
P002608,Grad,low
P002609,Undergrad,low
P002610,Grad,low
P002611,Undergrad,low
P002612,Staff,low
P002613,Grad,medium
P002614,Grad,low
P002615,Grad,medium
P002616,Staff,low
P002617,Undergrad,low
P002618,Undergrad,medium
P002619,Faculty,high
P002620,Undergrad,low
P002621,Staff,low
P002622,Undergrad,medium
P002623,Undergrad,high
P002624,Staff,high
P002625,Undergrad,low
P002626,Undergrad,low
P002627,Undergrad,medium
P002628,Undergrad,medium
P002629,Grad,medium
P002630,Undergrad,medium
P002631,Staff,medium
P002632,Faculty,low
P002633,Undergrad,low
P002634,Grad,medium
P002635,Grad,low
P002636,Undergrad,low
P002637,Undergrad,low
P002638,Undergrad,low
P002639,Grad,low
P002640,Grad,medium
P002641,Grad,low
P002642,Faculty,low
P002643,Faculty,low
P002644,Grad,low
P002645,Faculty,high
P002646,Undergrad,medium
P002647,Staff,low
P002648,Grad,medium
P002649,Faculty,low
P002650,Grad,high
P002651,Undergrad,low
P002652,Grad,low
P002653,Undergrad,medium
P002654,Grad,medium
P002655,Undergrad,low
P002656,Faculty,medium
P002657,Grad,low
P002658,Grad,high
P002659,Undergrad,low
P002660,Community,high
P002661,Staff,low
P002662,Faculty,low
P002663,Undergrad,high
P002664,Grad,high
P002665,Undergrad,medium
P002666,Grad,low
P002667,Undergrad,low
P002668,Grad,low
P002669,Grad,low
P002670,Undergrad,medium
P002671,Undergrad,low
P002672,Staff,medium
P002673,Undergrad,medium
P002674,Faculty,low
P002675,Undergrad,medium
P002676,Undergrad,medium
P002677,Undergrad,medium
P002678,Faculty,low
P002679,Undergrad,medium
P002680,Staff,low
P002681,Grad,low
P002682,Undergrad,medium
P002683,Grad,medium
P002684,Undergrad,low
P002685,Faculty,medium
P002686,Undergrad,high
P002687,Undergrad,low
P002688,Faculty,medium
P002689,Community,medium
P002690,Undergrad,medium
P002691,Faculty,low
P002692,Undergrad,low
P002693,Faculty,high
P002694,Grad,low
P002695,Undergrad,low
P002696,Undergrad,medium
P002697,Undergrad,low
P002698,Undergrad,medium
P002699,Undergrad,medium
P002700,Grad,medium
P002701,Community,medium
P002702,Undergrad,low
P002703,Grad,low
P002704,Grad,medium
P002705,Staff,low
P002706,Undergrad,high
P002707,Grad,medium
P002708,Undergrad,low
P002709,Undergrad,medium
P002710,Undergrad,low
P002711,Undergrad,low
P002712,Undergrad,medium
P002713,Grad,medium
P002714,Undergrad,low
P002715,Grad,low
P002716,Undergrad,low
P002717,Staff,low
P002718,Staff,low
P002719,Undergrad,low
P002720,Undergrad,medium
P002721,Grad,high
P002722,Undergrad,low
P002723,Undergrad,low
P002724,Undergrad,medium
P002725,Staff,medium
P002726,Staff,high
P002727,Grad,low
P002728,Grad,low
P002729,Staff,low
P002730,Staff,medium
P002731,Community,low
P002732,Undergrad,medium
P002733,Undergrad,low
P002734,Grad,low
P002735,Grad,medium
P002736,Undergrad,low
P002737,Undergrad,medium
P002738,Staff,low
P002739,Staff,low
P002740,Undergrad,low
P002741,Staff,low
P002742,Grad,low
P002743,Faculty,medium
P002744,Undergrad,medium
P002745,Undergrad,low
P002746,Undergrad,low
P002747,Undergrad,high
P002748,Grad,low
P002749,Undergrad,low
P002750,Community,low
P002751,Undergrad,medium
P002752,Undergrad,low
P002753,Grad,medium
P002754,Grad,low
P002755,Undergrad,low
P002756,Faculty,low
P002757,Undergrad,medium
P002758,Grad,medium
P002759,Grad,low
P002760,Undergrad,low
P002761,Grad,medium
P002762,Staff,medium
P002763,Undergrad,low
P002764,Undergrad,medium
P002765,Staff,low
P002766,Undergrad,low
P002767,Undergrad,low
P002768,Community,medium
P002769,Undergrad,low
P002770,Undergrad,medium
P002771,Staff,medium
P002772,Staff,medium
P002773,Undergrad,low
P002774,Undergrad,low
P002775,Faculty,high
P002776,Grad,medium
P002777,Undergrad,medium
P002778,Undergrad,low
P002779,Undergrad,low
P002780,Staff,medium
P002781,Staff,low
P002782,Community,medium
P002783,Staff,low
P002784,Grad,low
P002785,Undergrad,low
P002786,Faculty,low
P002787,Grad,low
P002788,Grad,medium
P002789,Undergrad,low
P002790,Staff,low
P002791,Undergrad,medium
P002792,Undergrad,low
P002793,Grad,low
P002794,Grad,medium
P002795,Undergrad,high
P002796,Faculty,low
P002797,Undergrad,low
P002798,Undergrad,medium
P002799,Undergrad,low
P002800,Grad,medium
P002801,Community,high
P002802,Faculty,high
P002803,Community,low
P002804,Undergrad,low
P002805,Undergrad,high
P002806,Grad,low
P002807,Undergrad,low
P002808,Faculty,medium
P002809,Grad,low
P002810,Community,low
P002811,Undergrad,medium
P002812,Undergrad,low
P002813,Undergrad,low
P002814,Undergrad,low
P002815,Grad,medium
P002816,Undergrad,low
P002817,Undergrad,low
P002818,Undergrad,medium
P002819,Undergrad,medium
P002820,Grad,low
P002821,Undergrad,medium
P002822,Undergrad,low
P002823,Undergrad,medium
P002824,Undergrad,low
P002825,Undergrad,low
P002826,Undergrad,medium
P002827,Undergrad,low
P002828,Grad,low
P002829,Grad,low
P002830,Faculty,medium
P002831,Undergrad,low
P002832,Undergrad,low
P002833,Faculty,low
P002834,Undergrad,low
P002835,Grad,low
P002836,Undergrad,low
P002837,Undergrad,low
P002838,Faculty,low
P002839,Undergrad,medium
P002840,Undergrad,medium
P002841,Undergrad,medium
P002842,Undergrad,low
P002843,Undergrad,high
P002844,Grad,low
P002845,Faculty,high
P002846,Faculty,low
P002847,Undergrad,low
P002848,Community,low
P002849,Grad,low
P002850,Undergrad,medium
P002851,Faculty,medium
P002852,Grad,high
P002853,Faculty,medium
P002854,Undergrad,low
P002855,Undergrad,low
P002856,Staff,high
P002857,Undergrad,medium
P002858,Grad,medium
P002859,Grad,low
P002860,Staff,low
P002861,Undergrad,high
P002862,Grad,low
P002863,Undergrad,low
P002864,Grad,low
P002865,Grad,medium
P002866,Undergrad,low
P002867,Grad,low
P002868,Undergrad,low
P002869,Undergrad,low
P002870,Undergrad,low
P002871,Undergrad,low
P002872,Undergrad,high
P002873,Undergrad,high
P002874,Grad,low
P002875,Faculty,medium
P002876,Grad,medium
P002877,Undergrad,low
P002878,Staff,low
P002879,Grad,low
P002880,Undergrad,low
P002881,Faculty,low
P002882,Undergrad,medium
P002883,Grad,low
P002884,Undergrad,medium
P002885,Undergrad,low
P002886,Staff,low
P002887,Undergrad,low
P002888,Undergrad,low
P002889,Community,medium
P002890,Staff,medium
P002891,Grad,low
P002892,Undergrad,medium
P002893,Undergrad,high
P002894,Faculty,medium
P002895,Undergrad,low
P002896,Undergrad,medium
P002897,Grad,low
P002898,Undergrad,medium
P002899,Undergrad,low
P002900,Undergrad,low
P002901,Undergrad,low
P002902,Undergrad,low
P002903,Undergrad,high
P002904,Undergrad,low
P002905,Grad,low
P002906,Faculty,high
P002907,Undergrad,low
P002908,Undergrad,low
P002909,Undergrad,medium
P002910,Undergrad,low
P002911,Undergrad,low
P002912,Grad,low
P002913,Grad,medium
P002914,Grad,high
P002915,Undergrad,low
P002916,Undergrad,low
P002917,Faculty,low
P002918,Undergrad,medium
P002919,Grad,low
P002920,Undergrad,medium
P002921,Grad,low
P002922,Staff,high
P002923,Staff,medium
P002924,Grad,medium
P002925,Undergrad,low
P002926,Undergrad,medium
P002927,Staff,low
P002928,Undergrad,low
P002929,Undergrad,low
P002930,Undergrad,medium
P002931,Undergrad,medium
P002932,Undergrad,low
P002933,Grad,medium
P002934,Undergrad,low
P002935,Undergrad,medium
P002936,Community,medium
P002937,Faculty,medium
P002938,Faculty,low
P002939,Undergrad,high
P002940,Faculty,medium
P002941,Undergrad,medium
P002942,Undergrad,low
P002943,Undergrad,medium
P002944,Undergrad,medium
P002945,Undergrad,low
P002946,Community,low
P002947,Undergrad,low
P002948,Undergrad,medium
P002949,Undergrad,low
P002950,Undergrad,low
P002951,Grad,medium
P002952,Undergrad,low
P002953,Faculty,low
P002954,Undergrad,low
P002955,Grad,medium
P002956,Grad,medium
P002957,Staff,low
P002958,Faculty,high
P002959,Grad,low
P002960,Undergrad,high
P002961,Undergrad,low
P002962,Faculty,low
P002963,Staff,low
P002964,Undergrad,low
P002965,Undergrad,low
P002966,Faculty,medium
P002967,Undergrad,medium
P002968,Undergrad,low
P002969,Undergrad,low
P002970,Grad,low
P002971,Community,low
P002972,Undergrad,medium
P002973,Undergrad,low
P002974,Undergrad,medium
P002975,Undergrad,low
P002976,Grad,low
P002977,Grad,low
P002978,Undergrad,low
P002979,Grad,low
P002980,Faculty,medium
P002981,Undergrad,low
P002982,Undergrad,low
P002983,Community,medium
P002984,Undergrad,low
P002985,Faculty,medium
P002986,Undergrad,low
P002987,Faculty,low
P002988,Faculty,medium
P002989,Grad,medium
P002990,Staff,low
P002991,Staff,low
P002992,Grad,medium
P002993,Undergrad,low
P002994,Undergrad,low
P002995,Faculty,medium
P002996,Grad,medium
P002997,Undergrad,medium
P002998,Undergrad,medium
P002999,Grad,medium
P003000,Undergrad,medium
